url,Value_1,Number,Addr,Email,website
http://www.haldwani.co.in/haldwani-directory.php?cat=Advocate,"Dharma Nand Joshi",234493,NULL,NULL,NULL
http://www.haldwani.co.in/haldwani-directory.php?cat=Advocate,"Dherandra Chand Pandey",289036,NULL,NULL,NULL
http://www.haldwani.co.in/haldwani-directory.php?cat=Advocate,"Digambar Singh Kirola",262050,NULL,NULL,NULL
http://www.haldwani.co.in/haldwani-directory.php?cat=Advocate,"Digvijay Singh Bisht",460093,NULL,NULL,NULL
http://www.haldwani.co.in/haldwani-directory.php?cat=Advocate,"Dilip Singh",NULL,NULL,NULL,NULL
http://www.haldwani.co.in/haldwani-directory.php?cat=Advocate,"Dinesh Chandra Balutia",250523,NULL,NULL,NULL
http://www.haldwani.co.in/haldwani-directory.php?cat=Advocate,"Dinesh Singh Mehta",228200,NULL,NULL,NULL
http://www.haldwani.co.in/haldwani-directory.php?cat=Advocate,"Dinesh Singh Rawat",NULL,NULL,NULL,NULL
http://www.haldwani.co.in/haldwani-directory.php?cat=Advocate,"Dr. Mahendra Singh Pal",NULL,NULL,NULL,NULL
http://www.haldwani.co.in/haldwani-directory.php?cat=Advocate,"G. N. Joshi",NULL,NULL,NULL,NULL
http://www.haldwani.co.in/haldwani-directory.php?cat=Advocate,"Ganesh Kandpal",237916,NULL,NULL,NULL
http://www.haldwani.co.in/haldwani-directory.php?cat=Advocate,"Ganesh Singh Negi",234197,NULL,NULL,NULL
http://www.haldwani.co.in/haldwani-directory.php?cat=Advocate,"Ganga Singh Dhapola",223835,NULL,NULL,NULL
http://www.haldwani.co.in/haldwani-directory.php?cat=Advocate,"Ghanshyam Barola",254438,NULL,NULL,NULL
http://www.haldwani.co.in/haldwani-directory.php?cat=Advocate,"Ghanshyam Joshi",228809,NULL,NULL,NULL
http://www.haldwani.co.in/haldwani-directory.php?cat=Advocate,"Girish Chand Kholia",231238,NULL,NULL,NULL
http://www.haldwani.co.in/haldwani-directory.php?cat=Advocate,"Girjesh Joshi",283857,NULL,NULL,NULL
http://www.haldwani.co.in/haldwani-directory.php?cat=Advocate,"Gokul Chand Gurrani",NULL,NULL,NULL,NULL
http://www.haldwani.co.in/haldwani-directory.php?cat=Advocate,"Gopal Ram",287209,NULL,NULL,NULL
http://www.haldwani.co.in/haldwani-directory.php?cat=Advocate,"Gopal Singh Kumria",NULL,NULL,NULL,NULL
http://www.haldwani.co.in/haldwani-directory.php?cat=Advocate,"Gopal Singh Mehra",254429,NULL,NULL,NULL
http://www.haldwani.co.in/haldwani-directory.php?cat=Advocate,"Govind Singh Bisht",281548,NULL,NULL,NULL
http://www.haldwani.co.in/haldwani-directory.php?cat=Advocate,"H. K. C. Haris",280151,NULL,NULL,NULL
http://www.haldwani.co.in/haldwani-directory.php?cat=Advocate,"Har Parsad Garg",NULL,NULL,NULL,NULL
http://www.haldwani.co.in/haldwani-directory.php?cat=Advocate,"Harendra Singh Rawat",232091,NULL,NULL,NULL
http://www.haldwani.co.in/haldwani-directory.php?cat=Advocate,"Hari Shankar Consul",220132,NULL,NULL,NULL
http://www.haldwani.co.in/haldwani-directory.php?cat=Advocate,"Harish Bhatt",220235,NULL,NULL,NULL
http://www.haldwani.co.in/haldwani-directory.php?cat=Advocate,"Harish Chand Pandey",261142,NULL,NULL,NULL
http://www.haldwani.co.in/haldwani-directory.php?cat=Advocate,"Haish Chand Tewari",NULL,NULL,NULL,NULL
http://www.haldwani.co.in/haldwani-directory.php?cat=Advocate,"Harish Chandra Karnatak",240116,NULL,NULL,NULL
http://www.haldwani.co.in/haldwani-directory.php?cat=Advocate,"Harish Joshi",NULL,NULL,NULL,NULL
http://www.haldwani.co.in/haldwani-directory.php?cat=Advocate,"Harshavardhan Shah",NULL,NULL,NULL,NULL
http://www.haldwani.co.in/haldwani-directory.php?cat=Advocate,"Heera Ballabh Gurrani",221703,NULL,NULL,NULL
http://www.haldwani.co.in/haldwani-directory.php?cat=Advocate,"Heera Ballab Palaria",221811,NULL,NULL,NULL
http://www.haldwani.co.in/haldwani-directory.php?cat=Advocate,"Heera Singh Chauhan",220707,NULL,NULL,NULL
http://www.haldwani.co.in/haldwani-directory.php?cat=Advocate,"Jogo Kant Sharma",223546,NULL,NULL,NULL
http://www.haldwani.co.in/haldwani-directory.php?cat=Advocate,"Jyoti Prakash",235423,NULL,NULL,NULL
http://www.haldwani.co.in/haldwani-directory.php?cat=Advocate,"K. C. Ram Arya",223602,NULL,NULL,NULL
http://www.haldwani.co.in/haldwani-directory.php?cat=Advocate,"K.C. Tewari",238292,NULL,NULL,NULL
http://www.haldwani.co.in/haldwani-directory.php?cat=Advocate,"K. K. Tewari",222517,NULL,NULL,NULL
http://www.haldwani.co.in/haldwani-directory.php?cat=Advocate,"K. P. S. Mehra",254429,NULL,NULL,NULL
http://www.haldwani.co.in/haldwani-directory.php?cat=Advocate,"K. S. Mehra",228475,NULL,NULL,NULL
http://www.haldwani.co.in/haldwani-directory.php?cat=Advocate,"Kailash Chand Balutia",231865,NULL,NULL,NULL
http://www.haldwani.co.in/haldwani-directory.php?cat=Advocate,"Kailash Chand Joshi",251651,NULL,NULL,NULL
http://www.haldwani.co.in/haldwani-directory.php?cat=Advocate,"Kailash Joshi",236412,NULL,NULL,NULL
http://www.haldwani.co.in/haldwani-directory.php?cat=Advocate,"Kamal Kishor Kapil","262924 , 9837759355",NULL,NULL,NULL
http://www.haldwani.co.in/haldwani-directory.php?cat=Advocate,"Keshav Dutt Budhani",NULL,NULL,NULL,NULL
http://www.haldwani.co.in/haldwani-directory.php?cat=Advocate,"Khasti Dutt Gunwant",22611,NULL,NULL,NULL
http://www.haldwani.co.in/haldwani-directory.php?cat=Advocate,"Khem Raj Singh",241107,NULL,NULL,NULL
http://www.haldwani.co.in/haldwani-directory.php?cat=Advocate,"Khushal Singh",262440,NULL,NULL,NULL
http://www.haldwani.co.in/haldwani-directory.php?cat=Advocate,"Kiran Singh Khura",232524,NULL,NULL,NULL
http://www.haldwani.co.in/haldwani-directory.php?cat=Advocate,"Kishan Singh Darmwal",235207,NULL,NULL,NULL
http://www.haldwani.co.in/haldwani-directory.php?cat=Advocate,"Kishan Singh Karki",231537,NULL,NULL,NULL
http://www.haldwani.co.in/haldwani-directory.php?cat=Advocate,"Kishor Kumar Pant",262248,NULL,NULL,NULL
http://www.haldwani.co.in/haldwani-directory.php?cat=Advocate,"Krishan Chand Pant",224396,NULL,NULL,NULL
http://www.haldwani.co.in/haldwani-directory.php?cat=Advocate,"Krishan Pal Singh Rotela",223347,NULL,NULL,NULL
http://www.haldwani.co.in/haldwani-directory.php?cat=Advocate,"Krishna Kumar Mehta",NULL,NULL,NULL,NULL
http://www.haldwani.co.in/haldwani-directory.php?cat=Advocate,"Krishna Kumar Tewari",228827,NULL,NULL,NULL
http://www.haldwani.co.in/haldwani-directory.php?cat=Advocate,"Kuldeep Singh",NULL,NULL,NULL,NULL
http://www.haldwani.co.in/haldwani-directory.php?cat=Advocate,"Kuldeep Singh",235249,NULL,NULL,NULL
http://www.haldwani.co.in/haldwani-directory.php?cat=Advocate,"Kulo Ram Singh",232537,NULL,NULL,NULL
http://www.haldwani.co.in/haldwani-directory.php?cat=Advocate,"L. D. Joshi",NULL,NULL,NULL,NULL
http://www.haldwani.co.in/haldwani-directory.php?cat=Advocate,"Lalit Prasad Pant",263484,NULL,NULL,NULL
http://www.haldwani.co.in/haldwani-directory.php?cat=Advocate,"Lalit Sharma",NULL,NULL,NULL,NULL
http://www.haldwani.co.in/haldwani-directory.php?cat=Advocate,"Laxman Singh Kera",238261,NULL,NULL,NULL
http://www.haldwani.co.in/haldwani-directory.php?cat=Advocate,"M. C. Pathak",223665,NULL,NULL,NULL
http://www.haldwani.co.in/haldwani-directory.php?cat=Advocate,"Madan Mohan Tewari",222037,NULL,NULL,NULL
http://www.haldwani.co.in/haldwani-directory.php?cat=Advocate,"Madan Mohan Pandey",266933,NULL,NULL,NULL
http://www.haldwani.co.in/haldwani-directory.php?cat=Advocate,"Magat Tewari",244036,NULL,NULL,NULL
http://www.haldwani.co.in/haldwani-directory.php?cat=Advocate,"Mahendra Singh Dharyal",NULL,NULL,NULL,NULL
http://www.haldwani.co.in/haldwani-directory.php?cat=Advocate,"Mahendra Pratap Singh",238683,NULL,NULL,NULL
http://www.haldwani.co.in/haldwani-directory.php?cat=Advocate,"Naveen Chand",268515,NULL,NULL,NULL
http://www.haldwani.co.in/haldwani-directory.php?cat=Advocate,"Naveen Chand Chandola",245050,NULL,NULL,NULL
http://www.haldwani.co.in/haldwani-directory.php?cat=Advocate,"Naveen Chand Balutia",280807,NULL,NULL,NULL
http://www.haldwani.co.in/haldwani-directory.php?cat=Advocate,"Naveen Chand Joshi",254435,NULL,NULL,NULL
http://www.haldwani.co.in/haldwani-directory.php?cat=Advocate,"Naveen Chand Paneru",225418,NULL,NULL,NULL
http://www.haldwani.co.in/haldwani-directory.php?cat=Advocate,"Nirmal Kumar Thapa",266654,NULL,NULL,NULL
http://www.haldwani.co.in/haldwani-directory.php?cat=Advocate,"Nirmal Sandhu",221568,NULL,NULL,NULL
http://www.haldwani.co.in/haldwani-directory.php?cat=Advocate,"Omkar Goswami",NULL,NULL,NULL,NULL
http://www.haldwani.co.in/haldwani-directory.php?cat=Advocate,"P. K. Malik",NULL,NULL,NULL,NULL
http://www.haldwani.co.in/haldwani-directory.php?cat=Advocate,"Pankaj Goyal",9837119263,NULL,NULL,NULL
http://www.haldwani.co.in/haldwani-directory.php?cat=Advocate,"Pankaj Suyal",NULL,NULL,NULL,NULL
http://www.haldwani.co.in/haldwani-directory.php?cat=Advocate,"Param Jeet Singh",266766,NULL,NULL,NULL
http://www.haldwani.co.in/haldwani-directory.php?cat=Advocate,"Param Jeet Sani",9412016149,NULL,NULL,NULL
http://www.haldwani.co.in/haldwani-directory.php?cat=Advocate,"Prem Chandra Pathak",267381,NULL,NULL,NULL
http://www.haldwani.co.in/haldwani-directory.php?cat=Advocate,"Prem Ballabh Suyal",NULL,NULL,NULL,NULL
http://www.haldwani.co.in/haldwani-directory.php?cat=Advocate,"Prithvipal Singh Rawat",NULL,NULL,NULL,NULL
http://www.haldwani.co.in/haldwani-directory.php?cat=Advocate,"Pushkar Singh Kera",240076,NULL,NULL,NULL
http://www.haldwani.co.in/haldwani-directory.php?cat=Advocate,"R. B. Agrawal",222165,NULL,NULL,NULL
http://www.haldwani.co.in/haldwani-directory.php?cat=Advocate,"Radheshyam Saxena",NULL,NULL,NULL,NULL
http://www.haldwani.co.in/haldwani-directory.php?cat=Advocate,"Radhey Krishana Ojha",NULL,NULL,NULL,NULL
http://www.haldwani.co.in/haldwani-directory.php?cat=Advocate,"Rajendra Singh Fulara",NULL,NULL,NULL,NULL
http://www.haldwani.co.in/haldwani-directory.php?cat=Advocate,"Rajeev Malhotra",222053,NULL,NULL,NULL
http://www.haldwani.co.in/haldwani-directory.php?cat=Advocate,"Rajeev Goyal",NULL,NULL,NULL,NULL
http://www.haldwani.co.in/haldwani-directory.php?cat=Advocate,"Rajeev Kumar",281681,NULL,NULL,NULL
http://www.haldwani.co.in/haldwani-directory.php?cat=Advocate,"Rajeev Malhotra",222053,NULL,NULL,NULL
http://www.haldwani.co.in/haldwani-directory.php?cat=Advocate,"Rajender Sharma",NULL,NULL,NULL,NULL
http://www.haldwani.co.in/haldwani-directory.php?cat=Advocate,"Rajender Tondan",254275,NULL,NULL,NULL
http://www.haldwani.co.in/haldwani-directory.php?cat=Advocate,"Rajender Kumar Garg",NULL,NULL,NULL,NULL
http://www.haldwani.co.in/haldwani-directory.php?cat=Advocate,"Rajender Kumar Goyal",NULL,NULL,NULL,NULL
http://www.haldwani.co.in/haldwani-directory.php?cat=Advocate,"Rajender Kumar Joshi",NULL,NULL,NULL,NULL
http://www.haldwani.co.in/haldwani-directory.php?cat=Advocate,"Rajender Lohani",NULL,NULL,NULL,NULL
http://www.haldwani.co.in/haldwani-directory.php?cat=Advocate,"Rajender Rekuni",281210,NULL,NULL,NULL
http://www.haldwani.co.in/haldwani-directory.php?cat=Advocate,"Rejendra Singh",252094,NULL,NULL,NULL
http://www.haldwani.co.in/haldwani-directory.php?cat=Advocate,"Rajendra Dhanik",220341,NULL,NULL,NULL
http://www.haldwani.co.in/haldwani-directory.php?cat=Advocate,"Rakesh Goyal",250918,NULL,NULL,NULL
http://www.haldwani.co.in/haldwani-directory.php?cat=Advocate,"Rakesh Kumar Joshi",239323,NULL,NULL,NULL
http://www.haldwani.co.in/haldwani-directory.php?cat=Advocate,"Ram Kumar Tamta",NULL,NULL,NULL,NULL
http://www.haldwani.co.in/haldwani-directory.php?cat=Advocate,"Ram Singh Basera",240232,NULL,NULL,NULL
http://www.haldwani.co.in/haldwani-directory.php?cat=Advocate,"Ram Singh Sambal",238666,NULL,NULL,NULL
http://www.haldwani.co.in/haldwani-directory.php?cat=Advocate,"Raman Budhlakoti",221345,NULL,NULL,NULL
http://www.haldwani.co.in/haldwani-directory.php?cat=Advocate,"Ramesh Chandra joshi",NULL,NULL,NULL,NULL
http://www.haldwani.co.in/haldwani-directory.php?cat=Advocate,"Ramesh Chandra Pandey",NULL,NULL,NULL,NULL
http://www.haldwani.co.in/haldwani-directory.php?cat=Advocate,"Ramesh Singh Rautela",NULL,NULL,NULL,NULL
http://www.haldwani.co.in/haldwani-directory.php?cat=Advocate,"Ramesh Singh Shukla",NULL,NULL,NULL,NULL
http://www.haldwani.co.in/haldwani-directory.php?cat=Advocate,"Rashid Khan",250751,NULL,NULL,NULL
http://www.haldwani.co.in/haldwani-directory.php?cat=Advocate,"Rashid Uha",250751,NULL,NULL,NULL
http://www.haldwani.co.in/haldwani-directory.php?cat=Advocate,"Ravi Shah",231122,NULL,NULL,NULL
http://www.haldwani.co.in/haldwani-directory.php?cat=Advocate,"Ravindra Bisht",NULL,NULL,NULL,NULL
http://www.haldwani.co.in/haldwani-directory.php?cat=Advocate,"Ravindra Pal Singh",NULL,NULL,NULL,NULL
http://www.haldwani.co.in/haldwani-directory.php?cat=Advocate,"Virendra Singh Adhikari",232009,NULL,NULL,NULL
http://www.haldwani.co.in/haldwani-directory.php?cat=Advocate,"Virendra Singh Kandari",244874,NULL,NULL,NULL
http://www.haldwani.co.in/haldwani-directory.php?cat=Advocate,"Vishwa Prakash Joshi",NULL,NULL,NULL,NULL
http://www.haldwani.co.in/haldwani-directory.php?cat=Advocate,"Vivek Kumar Yadav",244383,NULL,NULL,NULL
http://www.haldwani.co.in/haldwani-directory.php?cat=Advocate,"Yashwant Singh Bisht",220454,NULL,NULL,NULL
http://www.haldwani.co.in/haldwani-directory.php?cat=Advocate,"Yogendra Singh Chuphal",224676,NULL,NULL,NULL
http://www.haldwani.co.in/haldwani-directory.php?cat=Advocate,"Yogesh Devel",NULL,NULL,NULL,NULL
http://www.haldwani.co.in/haldwani-directory.php?cat=Advocate,"Pooran Singh Rawat",NULL,NULL,NULL,NULL
http://www.haldwani.co.in/haldwani-directory.php?cat=Advocate,"Prakash Chandra Joshi",NULL,NULL,NULL,NULL
http://www.haldwani.co.in/haldwani-directory.php?cat=Advocate,"Prem Ballabh Sharma",NULL,NULL,NULL,NULL
http://www.haldwani.co.in/haldwani-directory.php?cat=Advocate,"Umesh Chandra Joshi",NULL,NULL,NULL,NULL
http://www.haldwani.co.in/haldwani-directory.php?cat=Advocate,"Umesh Chandra Tewari",235066,NULL,NULL,NULL
http://www.haldwani.co.in/haldwani-directory.php?cat=Advocate,"Veer Singh",242101,NULL,NULL,NULL
http://www.haldwani.co.in/haldwani-directory.php?cat=Advocate,"Vijay Bhatt",220537,NULL,NULL,NULL
http://www.haldwani.co.in/haldwani-directory.php?cat=Advocate,"Satpal Singh",9837458619,NULL,NULL,NULL
http://www.haldwani.co.in/haldwani-directory.php?cat=Advocate,"Meharban Singh Koranga",9412085213,NULL,NULL,NULL
http://www.haldwani.co.in/haldwani-directory.php?cat=Advocate,"Sunil Kumar Karnatak","263879 9412403390",NULL,NULL,NULL
http://www.haldwani.co.in/haldwani-directory.php?cat=Advocate,"Kishan Singh Karki",9412036139,NULL,NULL,NULL
http://www.haldwani.co.in/haldwani-directory.php?cat=Agency,"Agrawal Traders",251306,":: Khan Chand Market",NULL,NULL
http://www.haldwani.co.in/haldwani-directory.php?cat=Agency,"Amit Agencies",250496,":: Bareilly Road",NULL,NULL
http://www.haldwani.co.in/haldwani-directory.php?cat=Agency,"Ashish Agencies",228801,":: Sadar Bazar",NULL,NULL
http://www.haldwani.co.in/haldwani-directory.php?cat=Agency,"Ashok Agencies",NULL,":: Kaladhungi Road",NULL,NULL
http://www.haldwani.co.in/haldwani-directory.php?cat=Agency,"Audio Vision Sales",NULL,":: Mukhani",NULL,NULL
http://www.haldwani.co.in/haldwani-directory.php?cat=Agency,"Bhagwati Agencies","223146, 281222",":: Kapil Colony, Mukhani",NULL,NULL
http://www.haldwani.co.in/haldwani-directory.php?cat=Agency,"Bhasin Agencies",NULL,":: Patel Chowck",NULL,NULL
http://www.haldwani.co.in/haldwani-directory.php?cat=Agency,"Bhawani Agencies",NULL,":: Barielly Road",NULL,NULL
http://www.haldwani.co.in/haldwani-directory.php?cat=Agency,"Dabar Showroom",254770,":: Railway Bazar",NULL,NULL
http://www.haldwani.co.in/haldwani-directory.php?cat=Agency,"Din Dyal Radhe Syam",252660,":: Mangal Paraw",NULL,NULL
http://www.haldwani.co.in/haldwani-directory.php?cat=Agency,"Epic Interprises",NULL,":: Kaladhungi Raod",NULL,NULL
http://www.haldwani.co.in/haldwani-directory.php?cat=Agency,"Gokul Chandra Agrawal",220231,":: Rampur Road",NULL,NULL
http://www.haldwani.co.in/haldwani-directory.php?cat=Agency,"Gupta eate Agencies",NULL,":: Rampur Road",NULL,NULL
http://www.haldwani.co.in/haldwani-directory.php?cat=Agency,"Ishwar Agencies",235771,":: Rampur Road",NULL,NULL
http://www.haldwani.co.in/haldwani-directory.php?cat=Agency,"Kamoun Gas & Stove Service",NULL,NULL,NULL,NULL
http://www.haldwani.co.in/haldwani-directory.php?cat=Agency,"Kumar Interprises",221228,":: Kaladhungi Road",NULL,NULL
http://www.haldwani.co.in/haldwani-directory.php?cat=Agency,"Kumoun Agencies",NULL,":: Kaladhungi Road",NULL,NULL
http://www.haldwani.co.in/haldwani-directory.php?cat=Agency,"Lala Devki Nandan Nand Kishor","254174, 250074",":: Nainital Road",NULL,NULL
http://www.haldwani.co.in/haldwani-directory.php?cat=Agency,"Laxmi Pharmaciecal Agencies",222916,":: Raman Market",NULL,NULL
http://www.haldwani.co.in/haldwani-directory.php?cat=Agency,"Mahaveer Interprises",25078,":: Rampur Road",NULL,NULL
http://www.haldwani.co.in/haldwani-directory.php?cat=Agency,"Meghshayam Agencies",227310,":: Rampur Road",NULL,NULL
http://www.haldwani.co.in/haldwani-directory.php?cat=Agency,"Moon Agencies",228647,":: Rampur Road",NULL,NULL
http://www.haldwani.co.in/haldwani-directory.php?cat=Agency,"Moon Trading Co.",250781,":: Banbhul pura",NULL,NULL
http://www.haldwani.co.in/haldwani-directory.php?cat=Agency,"Naveen Agencies",224358,":: Kaladhuni Road",NULL,NULL
http://www.haldwani.co.in/haldwani-directory.php?cat=Agency,"P. B. Khanna Traders",250805,":: Sadar Bazar",NULL,NULL
http://www.haldwani.co.in/haldwani-directory.php?cat=Agency,"Parwatiya Agencies",225580,":: Kaladhungi Road",NULL,NULL
http://www.haldwani.co.in/haldwani-directory.php?cat=Agency,"Pramod Agencies",250855,":: Meera Marg",NULL,NULL
http://www.haldwani.co.in/haldwani-directory.php?cat=Agency,"PunjabGoods Forwarding Agencies",220178,":: Rampur Road",NULL,NULL
http://www.haldwani.co.in/haldwani-directory.php?cat=Agency,"Real Interprises",NULL,":: Kaladhungi Road",NULL,NULL
http://www.haldwani.co.in/haldwani-directory.php?cat=Agency,"S. K. Agencies",252524,":: Bareilly Road",NULL,NULL
http://www.haldwani.co.in/haldwani-directory.php?cat=Agency,"S. K. Harvest Agencies",NULL,":: Laxmi Hal, Rampur Road",NULL,NULL
http://www.haldwani.co.in/haldwani-directory.php?cat=Agency,"Sagar Interprises",250365,NULL,NULL,NULL
http://www.haldwani.co.in/haldwani-directory.php?cat=Agency,"Samta Agencies",222813,":: Mukhani",NULL,NULL
http://www.haldwani.co.in/haldwani-directory.php?cat=Agency,"Shubh Labh Agencies",282078,":: Rampur Road",NULL,NULL
http://www.haldwani.co.in/haldwani-directory.php?cat=Agency,"Shubham Collection",267575,":: Laxmi Hall, Rampur Road",NULL,NULL
http://www.haldwani.co.in/haldwani-directory.php?cat=Agency,"Uttaranchal Ayuravedic Agencies",NULL,":: Kaladhungi Raod",NULL,NULL
http://www.haldwani.co.in/haldwani-directory.php?cat=Agency,"Vikrol Agencies",252876,":: Barielly Road",NULL,NULL
http://www.haldwani.co.in/haldwani-directory.php?cat=Agency,"Goldi Show Room",250074,":: Patel Chok, Nainital Road",NULL,NULL
http://www.haldwani.co.in/haldwani-directory.php?cat=Air+Hostess+%26Pilot+Training,"Institute of Aviation Studies",05946-281369,":: Pilikothi",NULL,NULL
http://www.haldwani.co.in/haldwani-directory.php?cat=Automobiles,"Allance Auto",228490,":: Guru Nanak Market",NULL,NULL
http://www.haldwani.co.in/haldwani-directory.php?cat=Automobiles,"Bhagwati Auto Traders",221151,":: Guru Nanak Market",NULL,NULL
http://www.haldwani.co.in/haldwani-directory.php?cat=Automobiles,"Basant Auto Dealers",NULL,":: Kaladhungi Road",NULL,NULL
http://www.haldwani.co.in/haldwani-directory.php?cat=Automobiles,"Das Auto Spreas",251169,NULL,NULL,NULL
http://www.haldwani.co.in/haldwani-directory.php?cat=Automobiles,"Gunjan Auto",224129,NULL,NULL,NULL
http://www.haldwani.co.in/haldwani-directory.php?cat=Automobiles,"Guru Nanak Auto Spares Parts",225508,":: Tikonia Road",NULL,NULL
http://www.haldwani.co.in/haldwani-directory.php?cat=Automobiles,"Haldwani Auto Traders",250265,":: Tikonia Road",NULL,NULL
http://www.haldwani.co.in/haldwani-directory.php?cat=Automobiles,"India Moters",9412327140,":: Kaladhungi Road",NULL,NULL
http://www.haldwani.co.in/haldwani-directory.php?cat=Automobiles,"India Auto Parts",NULL,":: Tikonia Road",NULL,NULL
http://www.haldwani.co.in/haldwani-directory.php?cat=Automobiles,"Jay Auto Mobiles",9412327140,":: Tikonia Road",NULL,NULL
http://www.haldwani.co.in/haldwani-directory.php?cat=Automobiles,"Manjeet & Bros.",9837110380,":: Tikonia Road",NULL,NULL
http://www.haldwani.co.in/haldwani-directory.php?cat=Automobiles,"New Anand Auto Spares",9837431247,":: Tikonia Road",NULL,NULL
http://www.haldwani.co.in/haldwani-directory.php?cat=Automobiles,"New Neeraj Auto Center",9837445963,":: Tikonia Road",NULL,NULL
http://www.haldwani.co.in/haldwani-directory.php?cat=Automobiles,"Raja Moters",250282,":: Tikonia Road",NULL,NULL
http://www.haldwani.co.in/haldwani-directory.php?cat=Automobiles,"Ravi Scooter Center",9412039636,":: Tikonia Road",NULL,NULL
http://www.haldwani.co.in/haldwani-directory.php?cat=Automobiles,"Sunder Motors",250292,":: Tikonia Road",NULL,NULL
http://www.haldwani.co.in/haldwani-directory.php?cat=Banks,"Nainital Co-Operative Bank",NULL,":: Nawabi Road Haldwani",NULL,NULL
http://www.haldwani.co.in/haldwani-directory.php?cat=Banks,"Nainital Sahkari Bank",NULL,NULL,NULL,NULL
http://www.haldwani.co.in/haldwani-directory.php?cat=Banks,"Nainital Almora Shetriya Grameen Bank",255118,":: Bareilly Road",NULL,NULL
http://www.haldwani.co.in/haldwani-directory.php?cat=Banks,"ICICI Bank",05946-282601,":: 3/401 Tikonia, Nainital Road",www.icicibank.com,NULL
http://www.haldwani.co.in/haldwani-directory.php?cat=Banks,"Allahabad Bank",05946-220960,":: Bhotiaparav, Nainital road",NULL,NULL
http://www.haldwani.co.in/haldwani-directory.php?cat=Banks,"Punjab & Sind Bank",05946-220516,":: Near police station",NULL,NULL
http://www.haldwani.co.in/haldwani-directory.php?cat=Banks,"State Bank of India","05946-280096, 280094",":: Near Nagar Palika",NULL,www.sbi.co.in
http://www.haldwani.co.in/haldwani-directory.php?cat=Banks,"The Nainital Bank",05946-263008,":: Kaladhungi Road",NULL,www.nainitalbank.co.in
http://www.haldwani.co.in/haldwani-directory.php?cat=Banks,"The Nainital Bank",250201,":: Railways Bazar",NULL,www.nainitalbank.co.in
http://www.haldwani.co.in/haldwani-directory.php?cat=Banks,"The Nainital Bank",NULL,":: Ranibagh",NULL,www.nainitalbank.co.in
http://www.haldwani.co.in/haldwani-directory.php?cat=Banks,"The Nainital Bank",234440,":: Dewal Chour, Manpur west",NULL,www.nainitalbank.co.in
http://www.haldwani.co.in/haldwani-directory.php?cat=Banks,"The Nainital Bank",225769,":: MBPG Campus, Nainital Road",NULL,www.nainitalbank.co.in
http://www.haldwani.co.in/haldwani-directory.php?cat=Banks,"Almora Urban Co-opreative Bank",255144,":: Aish Baag kaladhungi road",NULL,www.almoraurbanbank.com
http://www.haldwani.co.in/haldwani-directory.php?cat=Banks,"Almora Urban Co-opreative Bank",NULL,":: Meera Marg",NULL,www.almoraurbanbank.com
http://www.haldwani.co.in/haldwani-directory.php?cat=Banks,"Almora Urban Co-opreative Bank",NULL,":: Nai Mandi, Bareilly Road",NULL,www.almoraurbanbank.com
http://www.haldwani.co.in/haldwani-directory.php?cat=Beauty+Parlour+,"Shringar Beauty Parlour",NULL,":: Malli Kathgodam",NULL,NULL
http://www.haldwani.co.in/haldwani-directory.php?cat=Beauty+Parlour+,"Richy Beauty Parlour",NULL,":: Kaladhungi Road",NULL,NULL
http://www.haldwani.co.in/haldwani-directory.php?cat=Beauty+Parlour+,"Payal Beauty Parlour",NULL,":: Kushumkhera",NULL,NULL
http://www.haldwani.co.in/haldwani-directory.php?cat=Beauty+Parlour+,"Noory Beauty Parlours",NULL,":: Kaladhungi Road",NULL,NULL
http://www.haldwani.co.in/haldwani-directory.php?cat=Beauty+Parlour+,"Nisha Beauty Parlour",NULL,":: Kaladhungi Road",NULL,NULL
http://www.haldwani.co.in/haldwani-directory.php?cat=Beauty+Parlour+,"Naini Beauty Parlour",NULL,":: Kaladhungi Road",NULL,NULL
http://www.haldwani.co.in/haldwani-directory.php?cat=Beauty+Parlour+,"Latest Gents Parlour",NULL,":: Kaladhungi Road",NULL,NULL
http://www.haldwani.co.in/haldwani-directory.php?cat=Beauty+Parlour+,"Kamal Herbel Beauty Parlour",NULL,":: Kaladhungi Road",NULL,NULL
http://www.haldwani.co.in/haldwani-directory.php?cat=Beauty+Parlour+,"Juliyot Beauty Parlour",NULL,":: Sitapur Eye Hospital",NULL,NULL
http://www.haldwani.co.in/haldwani-directory.php?cat=Beauty+Parlour+,"Juliyot Beauty Parlor",NULL,":: Mangal Paraw",NULL,NULL
http://www.haldwani.co.in/haldwani-directory.php?cat=Beauty+Parlour+,"Julie Beauty Parlour",251031,":: Naya Bazar",NULL,NULL
http://www.haldwani.co.in/haldwani-directory.php?cat=Beauty+Parlour+,"Dav Beauty Parlour",NULL,":: Naya Bazar",NULL,NULL
http://www.haldwani.co.in/haldwani-directory.php?cat=Chartered+Accountants,"Shree Anuj Maheshwani",9412084008,":: Mishra Kunj, Kathgodam",NULL,NULL
http://www.haldwani.co.in/haldwani-directory.php?cat=Chartered+Accountants,"Shree Ajay Rawat",NULL,":: Durga City Centre, Bhotia Paraw",NULL,NULL
http://www.haldwani.co.in/haldwani-directory.php?cat=Chartered+Accountants,"Shree Mukesh Kumar Goel",283200,":: Teri Pulia, Nainital Road",NULL,NULL
http://www.haldwani.co.in/haldwani-directory.php?cat=Chartered+Accountants,"Shree R. K. Bahuguna",222690,":: Hotel President, Sharda Market",NULL,NULL
http://www.haldwani.co.in/haldwani-directory.php?cat=Chartered+Accountants,"Shree Prashant Kacker",224116,":: Durga City Centre, Nainital Road",NULL,NULL
http://www.haldwani.co.in/haldwani-directory.php?cat=Chartered+Accountants,"Shree Manoj Joshi",222292,":: Hall II Durga City Center, Nainital Road",NULL,www.manojvatsalco-ca.com
http://www.haldwani.co.in/haldwani-directory.php?cat=Chartered+Accountants,"Shree Arvind Kumar Saxena",222363,":: 6-515/5, Jagdamba Nagar",NULL,NULL
http://www.haldwani.co.in/haldwani-directory.php?cat=Chartered+Accountants,"Shree Vijay Kumar Bansal",220846,":: Bhawani Ganj Rampur Road",NULL,NULL
http://www.haldwani.co.in/haldwani-directory.php?cat=Chartered+Accountants,"Shree Mukesh Kumar",224588,":: 3/120 Gura Nanakpura",NULL,NULL
http://www.haldwani.co.in/haldwani-directory.php?cat=Chartered+Accountants,"Shree Neeraj Sharda",222518,":: Teri Pulia, Nainital Road, Kathgodam",NULL,NULL
http://www.haldwani.co.in/haldwani-directory.php?cat=Coaching+Classes,"Brain Wave Academy","9897054255, 9837158054",":: Subash Nagar",NULL,NULL
http://www.haldwani.co.in/haldwani-directory.php?cat=Coaching+Classes,"Gaurav Tutorials",NULL,":: Heera Nager",NULL,NULL
http://www.haldwani.co.in/haldwani-directory.php?cat=Coaching+Classes,"Joshi Classes",254077,":: Kaladhungi Road",NULL,NULL
http://www.haldwani.co.in/haldwani-directory.php?cat=Coaching+Classes,"Mathmatica Coaching Center",NULL,":: Kaladhungi Road, Mukhani",NULL,NULL
http://www.haldwani.co.in/haldwani-directory.php?cat=Coaching+Classes,"Pankaj Coanching Center",NULL,NULL,NULL,NULL
http://www.haldwani.co.in/haldwani-directory.php?cat=Coaching+Classes,"Shri Chitrakala",NULL,":: Nawabi Road",NULL,NULL
http://www.haldwani.co.in/haldwani-directory.php?cat=Coaching+Classes,"Student Corrner",NULL,":: Kaladhungi Road",NULL,NULL
http://www.haldwani.co.in/haldwani-directory.php?cat=Coaching+Classes,"Target Classes Pvt. Ltd.",282288,":: Amrawati Colony, Talli Bamori",NULL,NULL
http://www.haldwani.co.in/haldwani-directory.php?cat=Coaching+Classes,"Target I. A. S.",NULL,":: Kaladhungi Road",NULL,NULL
http://www.haldwani.co.in/haldwani-directory.php?cat=Coaching+Classes,"S. K. V. M.",9837206837,":: Behind S. B. I., Malla Gorakhpur",NULL,NULL
http://www.haldwani.co.in/haldwani-directory.php?cat=Coaching+Classes,Nalanda,NULL,":: Kathgodam",NULL,NULL
http://www.haldwani.co.in/haldwani-directory.php?cat=Coaching+Classes,TAKSHASHILA,"223815, 9412439036, 9412410626.",":: Mukhani",NULL,NULL
http://www.haldwani.co.in/haldwani-directory.php?cat=Coaching+Classes,"N I C T",NULL,":: Shees Mahal",NULL,NULL
http://www.haldwani.co.in/haldwani-directory.php?cat=Coaching+Classes,Arunima,NULL,":: Jail Road",NULL,NULL
http://www.haldwani.co.in/haldwani-directory.php?cat=Coaching+Classes,"Career Lamachur",255890,":: K. D. Road",NULL,NULL
http://www.haldwani.co.in/haldwani-directory.php?cat=Coaching+Classes,"Dimension Coaching",NULL,":: Tikonia",NULL,NULL
http://www.haldwani.co.in/haldwani-directory.php?cat=Coaching+Classes,"Impulse Classes",NULL,":: Talli Bamori",NULL,NULL
http://www.haldwani.co.in/haldwani-directory.php?cat=Coaching+Classes,"Quantum Coaching Classes",224833,":: Cananl Road Tikonia",NULL,NULL
http://www.haldwani.co.in/haldwani-directory.php?cat=Coaching+Classes,"Manoj Sir Ki Class",263591,":: Ashok Vikas",NULL,NULL
http://www.haldwani.co.in/haldwani-directory.php?cat=Coaching+Classes,Mathmatica,221306,":: Mukhani",NULL,NULL
http://www.haldwani.co.in/haldwani-directory.php?cat=Coaching+Classes,"Chandni Sahani Classes",NULL,":: Talli Bemori",NULL,NULL
http://www.haldwani.co.in/haldwani-directory.php?cat=Coaching+Classes,"Rao's I. A. S.",NULL,":: Kalawati Colony",NULL,NULL
http://www.haldwani.co.in/haldwani-directory.php?cat=Computer+Coaching,"Aradna Computer",NULL,":: Mukhani",NULL,NULL
http://www.haldwani.co.in/haldwani-directory.php?cat=Computer+Coaching,"Arena Multimedia",281175,":: Gurunanak Pura",NULL,NULL
http://www.haldwani.co.in/haldwani-directory.php?cat=Computer+Coaching,"Bailingual Computers",255047,":: Kaladhungi Road",NULL,NULL
http://www.haldwani.co.in/haldwani-directory.php?cat=Computer+Coaching,"Big Byte",NULL,":: Jagdamba Nagar",NULL,NULL
http://www.haldwani.co.in/haldwani-directory.php?cat=Computer+Coaching,"Big Byte",NULL,":: Kusumkhera",NULL,NULL
http://www.haldwani.co.in/haldwani-directory.php?cat=Computer+Coaching,"Cyber Comp. Inst.",266309,":: Malli Kathgodam",NULL,NULL
http://www.haldwani.co.in/haldwani-directory.php?cat=Computer+Coaching,"Digital C. C. Software System",254449,":: 8/334 New Heera Nagar",NULL,NULL
http://www.haldwani.co.in/haldwani-directory.php?cat=Computer+Coaching,"E - Shiksha",NULL,":: Ramlila Mohalla, K M O U Station",NULL,NULL
http://www.haldwani.co.in/haldwani-directory.php?cat=Computer+Coaching,"E MIND Infotech Computer",222606,":: Opp. GGIC, Kaladhungi Road,",NULL,NULL
http://www.haldwani.co.in/haldwani-directory.php?cat=Computer+Coaching,"Excel Computer Ins.",9897002022,":: Malli Kathgodam",NULL,NULL
http://www.haldwani.co.in/haldwani-directory.php?cat=Computer+Coaching,"Future Point",255516,":: Bhawani Ganj Patel Chowk",NULL,NULL
http://www.haldwani.co.in/haldwani-directory.php?cat=Computer+Coaching,"Hiltron Cale",NULL,":: Malla Gorakhpur",NULL,NULL
http://www.haldwani.co.in/haldwani-directory.php?cat=Computer+Coaching,"I I C M A T Computer",NULL,":: Kaladhungi Road",NULL,NULL
http://www.haldwani.co.in/haldwani-directory.php?cat=Computer+Coaching,"Jagdamba Computers & Graphics",229157,":: Kushumkhera",NULL,NULL
http://www.haldwani.co.in/haldwani-directory.php?cat=Computer+Coaching,"Kumaon Computer Inst",266736,":: Malli Kathgodam",NULL,NULL
http://www.haldwani.co.in/haldwani-directory.php?cat=Computer+Coaching,"Kurmanchal Hardware Institute",NULL,":: Kaladhungi Road",NULL,NULL
http://www.haldwani.co.in/haldwani-directory.php?cat=Computer+Coaching,"M. J. Cyber Point",NULL,":: Kaladhungi Road",NULL,NULL
http://www.haldwani.co.in/haldwani-directory.php?cat=Computer+Coaching,"Manas Computer Center",281482,":: Tikonia",NULL,NULL
http://www.haldwani.co.in/haldwani-directory.php?cat=Computer+Coaching,NIIT,280036,":: Bardipura",NULL,NULL
http://www.haldwani.co.in/haldwani-directory.php?cat=Computer+Coaching,"Net Com Computers",227518,":: Mukhani",NULL,NULL
http://www.haldwani.co.in/haldwani-directory.php?cat=Computer+Coaching,"R. C. M. Computer Inst.",NULL,":: Nawabi Road",NULL,NULL
http://www.haldwani.co.in/haldwani-directory.php?cat=Computer+Coaching,"Shri Hari Computer & Printers",229262,":: Kaladhungi Road",NULL,NULL
http://www.haldwani.co.in/haldwani-directory.php?cat=Computer+Coaching,"Takshila Cyber Zone",NULL,":: Kaladhungi Road",NULL,NULL
http://www.haldwani.co.in/haldwani-directory.php?cat=Computer+Coaching,"Techno Mind Rampur Road,",9837150412,":: Gali No. 7",NULL,NULL
http://www.haldwani.co.in/haldwani-directory.php?cat=Computer+Coaching,"Vikranta Computer Centre",9837047929,":: Rampur Road",NULL,NULL
http://www.haldwani.co.in/haldwani-directory.php?cat=Computer+Coaching,"Vishnu Computers",NULL,":: Mukhani",NULL,NULL
http://www.haldwani.co.in/haldwani-directory.php?cat=Computer+Coaching,"SIIT Computer Education",9412959182,":: Unchapul",NULL,NULL
http://www.haldwani.co.in/haldwani-directory.php?cat=Computer+Hardware,"Super Teach Computer",05946-228194,":: Savitri City Centre Jail Road Chauraha, Kaladhungi Road",NULL,NULL
http://www.haldwani.co.in/haldwani-directory.php?cat=Computer+Hardware,"Cyber World",NULL,NULL,NULL,NULL
http://www.haldwani.co.in/haldwani-directory.php?cat=Computer+Hardware,"Hill Tech",9412085532,":: 94-95 Jagnath Market , Near G.G.I.C. Kaladhungi Road",hilltech@rediffmail.com,NULL
http://www.haldwani.co.in/haldwani-directory.php?cat=Computer+Hardware,"Satyam Computers",NULL,NULL,NULL,NULL
http://www.haldwani.co.in/haldwani-directory.php?cat=Computer+Hardware,"Hi-Tech Computer World","9758351119, 9219590979",":: Ist Floor Sunori Complex, Near Shiv Mandir, Nawabi Road",NULL,NULL
http://www.haldwani.co.in/haldwani-directory.php?cat=Computer+Hardware,"Techno Home",05946-310899,":: Near N.C.C Quater Bhotia Parav",NULL,NULL
http://www.haldwani.co.in/haldwani-directory.php?cat=Computer+Hardware,"satyam Computers",9411107698,":: kapil complex",bsatyam.comp@rediffmail.com,NULL
http://www.haldwani.co.in/haldwani-directory.php?cat=Computer+Hardware,"Ambika Computer & Cabletronics","9412034673, 9997231760",":: Ist Floor Nagar Palika Market, Tikonia Chauraha",djoshi19@gmail.com,NULL
http://www.haldwani.co.in/haldwani-directory.php?cat=Computer+Hardware,"Hilltech Services","05946254632, 9412085532",":: 94-95 Jagnath Market , Near G.G.I.C. Kaladhungi Road",hilltech@rediffmail.com,NULL
http://www.haldwani.co.in/haldwani-directory.php?cat=Computer+Hardware,"Comps & Keys","05946322563,9837630848, 9412679460",":: Savitri City Center, Jail Road Chauraha, Kaladhungi Road",compsnkeys@rediffmail.com,NULL
http://www.haldwani.co.in/haldwani-directory.php?cat=Computer+Hardware+%26+Mobile+Technology,"Institute of Hardware Technology",5946283810,":: B 19 IInd Floor Durga City Centre",iht_haldwani@ihtindia.com,www.ihtindia.com
http://www.haldwani.co.in/haldwani-directory.php?cat=Crockery+Stores,"Aakarsan Crockery",251047,":: Kaladhungi Churaha",NULL,NULL
http://www.haldwani.co.in/haldwani-directory.php?cat=Crockery+Stores,"Bombay Crockery",255355,":: Mangal Parao Chauraha",NULL,NULL
http://www.haldwani.co.in/haldwani-directory.php?cat=Crockery+Stores,"Chadda Crockery",NULL,":: Rampur Road",NULL,NULL
http://www.haldwani.co.in/haldwani-directory.php?cat=Crockery+Stores,"Gagan Collection",252926,":: Mangal Parao",NULL,NULL
http://www.haldwani.co.in/haldwani-directory.php?cat=Crockery+Stores,"Kamal Crockery",NULL,":: Meera Marg",NULL,NULL
http://www.haldwani.co.in/haldwani-directory.php?cat=Crockery+Stores,"Kohli Crockery",223052,":: Bareilly Road",NULL,NULL
http://www.haldwani.co.in/haldwani-directory.php?cat=Cyber+Cafe,"Sri Sai Cyber Villa",05946-283722,":: Kaladhungi Road",NULL,NULL
http://www.haldwani.co.in/haldwani-directory.php?cat=Cyber+Cafe,"Harsh Cyber Cafe",9359411615,":: Baba Shopping Complex Mukhani",NULL,NULL
http://www.haldwani.co.in/haldwani-directory.php?cat=Cyber+Cafe,"Preet cyber cafe",284349,":: Kapil complex , mukhani",NULL,NULL
http://www.haldwani.co.in/haldwani-directory.php?cat=Cyber+Cafe,"G  communication",254074,":: Durga city center",NULL,NULL
http://www.haldwani.co.in/haldwani-directory.php?cat=Cyber+Cafe,"Sampark Cyber Cafe",9319773575,":: U-20, Durga City Center haldwani",NULL,NULL
http://www.haldwani.co.in/haldwani-directory.php?cat=Cyber+Cafe,"Cyber Home",222802,":: Bhotia Parao",NULL,NULL
http://www.haldwani.co.in/haldwani-directory.php?cat=Cyber+Cafe,"Harshit Cyber Cafe",284388,":: Durga City Center",NULL,NULL
http://www.haldwani.co.in/haldwani-directory.php?cat=Cycle+Dealers,"Rafeek Cycle Store",252278,":: Bareilly Road",NULL,NULL
http://www.haldwani.co.in/haldwani-directory.php?cat=Cycle+Dealers,"Sonu Cycle Store",251604,":: Bareilly Road",NULL,NULL
http://www.haldwani.co.in/haldwani-directory.php?cat=Cycle+Dealers,"Umesh Cycle Works",283409,":: Rampur Road",NULL,NULL
http://www.haldwani.co.in/haldwani-directory.php?cat=Cycle+Dealers,"Vijay Cycle",NULL,":: Pilikhothi",NULL,NULL
http://www.haldwani.co.in/haldwani-directory.php?cat=Doctors+%26+Clinic,"Dr. Anil Agarwal Child Clinic,",250334,":: Naya Bazar",NULL,NULL
http://www.haldwani.co.in/haldwani-directory.php?cat=Doctors+%26+Clinic,"Dr. Anil Sah Minakshi Hospital",NULL,":: Behind Church",NULL,NULL
http://www.haldwani.co.in/haldwani-directory.php?cat=Doctors+%26+Clinic,"Dr. Ajeet Agarwal Sunderlal Traders,",221111,":: Civil Lines",NULL,NULL
http://www.haldwani.co.in/haldwani-directory.php?cat=Doctors+%26+Clinic,"Dr. Ajay Pandey Child Care Centre,",229289,":: Kaladhugi Road",NULL,NULL
http://www.haldwani.co.in/haldwani-directory.php?cat=Doctors+%26+Clinic,"Dr.Amar Pal S. Anand",220828,":: 13/25 Gurunanak Pura, Haldwani",NULL,NULL
http://www.haldwani.co.in/haldwani-directory.php?cat=Doctors+%26+Clinic,"Dr. Mrs. Aprazita Rawal",263183,":: Aarjun Nursing Home, K.D. Road",NULL,NULL
http://www.haldwani.co.in/haldwani-directory.php?cat=Doctors+%26+Clinic,"Dr. Arun Kapoor",280309,":: Gali No. 2, Rampur Road",NULL,NULL
http://www.haldwani.co.in/haldwani-directory.php?cat=Doctors+%26+Clinic,"Dr. A. N. Saxena",223483,":: Rampur Road",NULL,NULL
http://www.haldwani.co.in/haldwani-directory.php?cat=Doctors+%26+Clinic,"Dr. B.C. Pande",NULL,":: Railway Bazar, Haldwani",NULL,NULL
http://www.haldwani.co.in/haldwani-directory.php?cat=Doctors+%26+Clinic,"Dr. B. C. Pant",250126,":: Pant Dentel Care, Mangal Parao",NULL,NULL
http://www.haldwani.co.in/haldwani-directory.php?cat=Doctors+%26+Clinic,"Dr. Bhandari",NULL,":: City Hospital, Teenpani",NULL,NULL
http://www.haldwani.co.in/haldwani-directory.php?cat=Doctors+%26+Clinic,"Dr. Mrs. Bhandari Modhu",NULL,":: City Hospital, Abdulla Building",NULL,NULL
http://www.haldwani.co.in/haldwani-directory.php?cat=Doctors+%26+Clinic,"Dr. Bhandari R.C. Eye Clinic",227942,":: Badripura",NULL,NULL
http://www.haldwani.co.in/haldwani-directory.php?cat=Doctors+%26+Clinic,"Dr. D. C. Pant",254175,":: Consul Poly Clinic, Nainital Road",NULL,NULL
http://www.haldwani.co.in/haldwani-directory.php?cat=Doctors+%26+Clinic,"Dr. Devesh Loshali",232633,":: Gora Paraw, Near Jeevandan",NULL,NULL
http://www.haldwani.co.in/haldwani-directory.php?cat=Doctors+%26+Clinic,"Dr. Mrs. Seema",232633,":: Loshali Hospital",NULL,NULL
http://www.haldwani.co.in/haldwani-directory.php?cat=Doctors+%26+Clinic,"Dr. G. K. Joshi",220667,":: Joshi Bone Hospital, K. D. Road",NULL,NULL
http://www.haldwani.co.in/haldwani-directory.php?cat=Doctors+%26+Clinic,"Dr. Mrs. G.K. Khurana",250089,":: Khurana Maternity & Nursing Home",NULL,NULL
http://www.haldwani.co.in/haldwani-directory.php?cat=Doctors+%26+Clinic,"Dr. Govind Chachwani",52157,":: Subhash Nagar",NULL,NULL
http://www.haldwani.co.in/haldwani-directory.php?cat=Doctors+%26+Clinic,"Abhinandan Bhawan,",220521,":: Behind National",NULL,NULL
http://www.haldwani.co.in/haldwani-directory.php?cat=Doctors+%26+Clinic,"Dr. H. C. K. Joshi",NULL,":: Insurance Building, Tikonia",NULL,NULL
http://www.haldwani.co.in/haldwani-directory.php?cat=Doctors+%26+Clinic,"Dr. H. S. Agarwal",250065,":: Agarwal X-Ray Sahukara Line",NULL,NULL
http://www.haldwani.co.in/haldwani-directory.php?cat=Doctors+%26+Clinic,"Dr. H. S. Chaddha",250704,":: Near Jai guru Hotel",NULL,NULL
http://www.haldwani.co.in/haldwani-directory.php?cat=Doctors+%26+Clinic,"Dr. Harish Sati",251099,":: Haldwani Diagnostic Centre,",NULL,NULL
http://www.haldwani.co.in/haldwani-directory.php?cat=Doctors+%26+Clinic,"Dr. J. C. Pandey",220299,":: ENT Hospital, Pilikothi",NULL,NULL
http://www.haldwani.co.in/haldwani-directory.php?cat=Doctors+%26+Clinic,"JAGDAMBA Heart Care & Maternity Centre",282555(R)282855(O)9837067927(Mob),":: Kapil Complex, Mukhani",NULL,NULL
http://www.haldwani.co.in/haldwani-directory.php?cat=Doctors+%26+Clinic,"Dr. J.S. Khurana",222426,":: Krishna Nursing Home Gurunanak Pura",NULL,NULL
http://www.haldwani.co.in/haldwani-directory.php?cat=Doctors+%26+Clinic,"Dr. Mrs. R. K. Khurana",221930,":: Krishna Nursing Home Gurunanak Pura",NULL,NULL
http://www.haldwani.co.in/haldwani-directory.php?cat=Doctors+%26+Clinic,"Dr. K. C. Lohani",222255,":: Subhash Nagar, Haldwani",NULL,NULL
http://www.haldwani.co.in/haldwani-directory.php?cat=Doctors+%26+Clinic,"Dr. K. C. Sharma",221072,":: Gali No. 2, Rampur Road",NULL,NULL
http://www.haldwani.co.in/haldwani-directory.php?cat=Doctors+%26+Clinic,"Dr. Krishna Sah",221456,":: Sri Ram Hospital, Tikonia",NULL,NULL
http://www.haldwani.co.in/haldwani-directory.php?cat=Doctors+%26+Clinic,"Dr. Kundan Lal",250059,":: Meera Marg",NULL,NULL
http://www.haldwani.co.in/haldwani-directory.php?cat=Doctors+%26+Clinic,"Dr. M. C. Sati",254408,":: Tera Hospital Bareilly Road",NULL,NULL
http://www.haldwani.co.in/haldwani-directory.php?cat=Doctors+%26+Clinic,"Dr. Mohan Sati Sai",263323,":: Orthocare Centre, Mukhani",NULL,NULL
http://www.haldwani.co.in/haldwani-directory.php?cat=Doctors+%26+Clinic,"Dr. Mrs. Alka Sati",263323,":: Sai Orthocare Centre, Mukhani",NULL,NULL
http://www.haldwani.co.in/haldwani-directory.php?cat=Doctors+%26+Clinic,"Dr. Mrs. Jaishree Tweari",263674,":: Tewari Maternity Centre, Mukhani",NULL,NULL
http://www.haldwani.co.in/haldwani-directory.php?cat=Doctors+%26+Clinic,"Dr. M, C. Tewari",263674,":: TMC, Mukhani",NULL,NULL
http://www.haldwani.co.in/haldwani-directory.php?cat=Doctors+%26+Clinic,"Dr. Manoj Joshi",280362,":: Physician, Kaladhungi Road",NULL,NULL
http://www.haldwani.co.in/haldwani-directory.php?cat=Doctors+%26+Clinic,"Dr. Nisha Joshi",224066,":: Pathology Clinic, Kaladhuni Road",NULL,NULL
http://www.haldwani.co.in/haldwani-directory.php?cat=Doctors+%26+Clinic,"Dr. Pratibha Juyal",NULL,":: Getwell Nursing Home, Heera Nagar",NULL,NULL
http://www.haldwani.co.in/haldwani-directory.php?cat=Doctors+%26+Clinic,"Dr. Mrs. Saroj Agarwal",255223,":: Mangal Parao",NULL,NULL
http://www.haldwani.co.in/haldwani-directory.php?cat=Doctors+%26+Clinic,"Dr.R.C. Gupta",281208,":: Avas Vikas,",NULL,NULL
http://www.haldwani.co.in/haldwani-directory.php?cat=Doctors+%26+Clinic,"Dr. R. c. Kapoor",251065,":: Mangal Parav",NULL,NULL
http://www.haldwani.co.in/haldwani-directory.php?cat=Doctors+%26+Clinic,"Dr. R. J. K. Singh",220209,":: Sitapur Eye Hospital,",NULL,NULL
http://www.haldwani.co.in/haldwani-directory.php?cat=Doctors+%26+Clinic,"Dr. Mrs. R. K. Khurana",222426,":: Krishna Nursing Home",NULL,NULL
http://www.haldwani.co.in/haldwani-directory.php?cat=Doctors+%26+Clinic,"Dr. R. N. Mehrotra",221183,":: Mehrota Eye Hospital, Nawabi Road",NULL,NULL
http://www.haldwani.co.in/haldwani-directory.php?cat=Doctors+%26+Clinic,"Dr. Raghav Pandey",225496,":: Raghav Patholegy, K.D. Road",NULL,NULL
http://www.haldwani.co.in/haldwani-directory.php?cat=Doctors+%26+Clinic,"Dr. Sandeep Agarwal",NULL,":: Balaji Hospital Bareilly Road",NULL,NULL
http://www.haldwani.co.in/haldwani-directory.php?cat=Doctors+%26+Clinic,"Dr. Sanjay Juyal",NULL,":: Krishna Hospital",NULL,NULL
http://www.haldwani.co.in/haldwani-directory.php?cat=Doctors+%26+Clinic,"Dr. S. K. Agarwal",252315,":: Krishna Hospital",NULL,NULL
http://www.haldwani.co.in/haldwani-directory.php?cat=Doctors+%26+Clinic,"S. K. Gupta",221040,":: Gupta Nursingh Home Tikonia",NULL,NULL
http://www.haldwani.co.in/haldwani-directory.php?cat=Doctors+%26+Clinic,"Dr. Sanjay Gupta",NULL,":: Managal Parao",NULL,NULL
http://www.haldwani.co.in/haldwani-directory.php?cat=Doctors+%26+Clinic,"Dr. S. K. Makhijani",250834,":: C/o Mr. Sushil Agarwal",NULL,NULL
http://www.haldwani.co.in/haldwani-directory.php?cat=Doctors+%26+Clinic,"Dr. S. C. Mittal",222114,":: Gupta Nursing Home Tikonia",NULL,NULL
http://www.haldwani.co.in/haldwani-directory.php?cat=Doctors+%26+Clinic,"Dr. Shailendra Bhandari",NULL,":: Pande Niwas Kaladhungi Road",NULL,NULL
http://www.haldwani.co.in/haldwani-directory.php?cat=Doctors+%26+Clinic,"Dr. Siddarth",NULL,":: Krishna Hospital Bhotia Paraw",NULL,NULL
http://www.haldwani.co.in/haldwani-directory.php?cat=Doctors+%26+Clinic,"Dr. Skwets Pande",NULL,":: Krishna Hospital Bhotia Paraw",NULL,NULL
http://www.haldwani.co.in/haldwani-directory.php?cat=Doctors+%26+Clinic,"Dr. Mrs. Neeraj Pandey",220299,":: ENT Hospital & Maternity Centre",NULL,NULL
http://www.haldwani.co.in/haldwani-directory.php?cat=Drycleaners,"Diamand Drycleaner",NULL,":: Sharda Market",NULL,NULL
http://www.haldwani.co.in/haldwani-directory.php?cat=Drycleaners,"Rana Drycleaners",NULL,":: Rampur Road",NULL,NULL
http://www.haldwani.co.in/haldwani-directory.php?cat=Drycleaners,"Reegal Dry Cleaners & Drappers",NULL,":: Kaladhungi Road",NULL,NULL
http://www.haldwani.co.in/haldwani-directory.php?cat=Drycleaners,"Swift Drycleaners",252066,":: Bareilly Road",NULL,NULL
http://www.haldwani.co.in/haldwani-directory.php?cat=Drycleaners,"Swift Drycleaners",NULL,":: Prem Cinema Road",NULL,NULL
http://www.haldwani.co.in/haldwani-directory.php?cat=Drycleaners,"Sunlight Drycleaners",263348,":: Lal Dhat Kaladhungi Road",NULL,NULL
http://www.haldwani.co.in/haldwani-directory.php?cat=Drycleaners,"Tandon Drycleaners",NULL,":: Meera Marg",NULL,NULL
http://www.haldwani.co.in/haldwani-directory.php?cat=Drycleaners,"Sunrise Drycleaners",NULL,":: Meera Marg",NULL,NULL
http://www.haldwani.co.in/haldwani-directory.php?cat=Electronic+Weighing+Scale+%26+Weigh+Bridge,"CEDS Traders",9837512236,":: Unchapul, Kaladhungi Road",cedstraders@rediffmail.com,NULL
http://www.haldwani.co.in/haldwani-directory.php?cat=English+speaking,Ascent,225039,":: Nainital Road",NULL,NULL
http://www.haldwani.co.in/haldwani-directory.php?cat=English+speaking,Bilingual,NULL,":: Kaladhungi Road",NULL,NULL
http://www.haldwani.co.in/haldwani-directory.php?cat=English+speaking,"Camaradre Mukhani",NULL,":: Near Degree College",NULL,NULL
http://www.haldwani.co.in/haldwani-directory.php?cat=English+speaking,Cambridge,9412087367,NULL,NULL,NULL
http://www.haldwani.co.in/haldwani-directory.php?cat=English+speaking,"N I C T",NULL,":: Sheesh Mahal",NULL,NULL
http://www.haldwani.co.in/haldwani-directory.php?cat=English+speaking,"Jyofer Home",9412959279,":: Mukhani",NULL,NULL
http://www.haldwani.co.in/haldwani-directory.php?cat=Hardware+%26+Panit+Shop,"Agrawal Paint House",220031,":: Rampur Road",NULL,NULL
http://www.haldwani.co.in/haldwani-directory.php?cat=Hardware+%26+Panit+Shop,"Amar Sons",225107,":: Kaladhungi Road",NULL,NULL
http://www.haldwani.co.in/haldwani-directory.php?cat=Hardware+%26+Panit+Shop,"Amit Agencies",222958,":: Mangal Parao",NULL,NULL
http://www.haldwani.co.in/haldwani-directory.php?cat=Hardware+%26+Panit+Shop,"B. K. G. Traders",221873,":: Hydle Gate",NULL,NULL
http://www.haldwani.co.in/haldwani-directory.php?cat=Hardware+%26+Panit+Shop,"Bharat Traders",252664,":: Mandi Gate",NULL,NULL
http://www.haldwani.co.in/haldwani-directory.php?cat=Hardware+%26+Panit+Shop,"Chetan H/W & Paint",261449,":: Kaladhungi Road",NULL,NULL
http://www.haldwani.co.in/haldwani-directory.php?cat=Hardware+%26+Panit+Shop,"Chunni Lal Devraj",250029,":: Patel Chowk",NULL,NULL
http://www.haldwani.co.in/haldwani-directory.php?cat=Hardware+%26+Panit+Shop,"D. R. Traders",261611,":: Kusum Khera",NULL,NULL
http://www.haldwani.co.in/haldwani-directory.php?cat=Hardware+%26+Panit+Shop,"Dhani Prem Builders",221493,":: Kaladhungi Road",NULL,NULL
http://www.haldwani.co.in/haldwani-directory.php?cat=Hardware+%26+Panit+Shop,"Durga Iron Works",263101,":: Kaladhungi Road",NULL,NULL
http://www.haldwani.co.in/haldwani-directory.php?cat=Hardware+%26+Panit+Shop,"Haldwanmi Pipe & Fitting",220784,":: Kaladhungi Road",NULL,NULL
http://www.haldwani.co.in/haldwani-directory.php?cat=Hardware+%26+Panit+Shop,"Haldwani Steel Industries",222445,":: Teripulia",NULL,NULL
http://www.haldwani.co.in/haldwani-directory.php?cat=Hardware+%26+Panit+Shop,"J. K. Traders",251910,":: Bareilly Road",NULL,NULL
http://www.haldwani.co.in/haldwani-directory.php?cat=Hardware+%26+Panit+Shop,"Jai Singh & Company",252278,":: Mangal Parao",NULL,NULL
http://www.haldwani.co.in/haldwani-directory.php?cat=Hardware+%26+Panit+Shop,"Jai Singh & Sons",252155,":: Mangal Parao",NULL,NULL
http://www.haldwani.co.in/haldwani-directory.php?cat=Hardware+%26+Panit+Shop,"Jain Iron & Hardware",221851,":: Kathgodam",NULL,NULL
http://www.haldwani.co.in/haldwani-directory.php?cat=Hardware+%26+Panit+Shop,"Joginder Singh & Co.",250132,":: Chowk Bazar",NULL,NULL
http://www.haldwani.co.in/haldwani-directory.php?cat=Hardware+%26+Panit+Shop,"K. G. Hardware",251878,":: Mandi Gate",NULL,NULL
http://www.haldwani.co.in/haldwani-directory.php?cat=Hardware+%26+Panit+Shop,"Kabeer Assoeiates",252303,":: Mangal Parao",NULL,NULL
http://www.haldwani.co.in/haldwani-directory.php?cat=Hardware+%26+Panit+Shop,"Kabeer Brothers",223450,":: Kaladhungi Road",NULL,NULL
http://www.haldwani.co.in/haldwani-directory.php?cat=Hardware+%26+Panit+Shop,"Kapoor & Sons",221699,":: Mukhani",NULL,NULL
http://www.haldwani.co.in/haldwani-directory.php?cat=Hardware+%26+Panit+Shop,"Kapoor Enterprises",221698,":: Mukhani",NULL,NULL
http://www.haldwani.co.in/haldwani-directory.php?cat=Hardware+%26+Panit+Shop,"Khandelwal Brothers",250215,":: Railway Bazar",NULL,NULL
http://www.haldwani.co.in/haldwani-directory.php?cat=Hardware+%26+Panit+Shop,"Kissan Industries",250251,":: Arya Samaj Road",NULL,NULL
http://www.haldwani.co.in/haldwani-directory.php?cat=Hardware+%26+Panit+Shop,"Kohli Paints",250224,":: Nainital Road",NULL,NULL
http://www.haldwani.co.in/haldwani-directory.php?cat=Hardware+%26+Panit+Shop,"Kumaon Paints & H/W",251981,":: Chowk Bazar",NULL,NULL
http://www.haldwani.co.in/haldwani-directory.php?cat=Hardware+%26+Panit+Shop,"Laxman Das Suraj Prakesh",254134,":: Patel Chowk",NULL,NULL
http://www.haldwani.co.in/haldwani-directory.php?cat=Hardware+%26+Panit+Shop,"M. Sons",251323,":: Bartan Bazar",NULL,NULL
http://www.haldwani.co.in/haldwani-directory.php?cat=Hardware+%26+Panit+Shop,"Mala Glass & Paints Store",253331,":: Nainital Road",NULL,NULL
http://www.haldwani.co.in/haldwani-directory.php?cat=Hardware+%26+Panit+Shop,"Mehara Marbles",261031,":: Kusum Khera",NULL,NULL
http://www.haldwani.co.in/haldwani-directory.php?cat=Hardware+%26+Panit+Shop,"Naini Enterprises",253584,":: Bareilly Road",NULL,NULL
http://www.haldwani.co.in/haldwani-directory.php?cat=Hardware+%26+Panit+Shop,"New National Agencies",260459,":: Kagthghariya",NULL,NULL
http://www.haldwani.co.in/haldwani-directory.php?cat=Hardware+%26+Panit+Shop,"Narad Buliding Materials",261304,":: Kusum Khera",NULL,NULL
http://www.haldwani.co.in/haldwani-directory.php?cat=Hardware+%26+Panit+Shop,"National H/W Centre",220555,":: Kaladhungi Road",NULL,NULL
http://www.haldwani.co.in/haldwani-directory.php?cat=Hardware+%26+Panit+Shop,"New World Paint Store",253884,":: Nal Bazar",NULL,NULL
http://www.haldwani.co.in/haldwani-directory.php?cat=Hardware+%26+Panit+Shop,"New Quality Paint Centre",252418,":: Mangal Parao",NULL,NULL
http://www.haldwani.co.in/haldwani-directory.php?cat=Hardware+%26+Panit+Shop,"Nirmal Trades",253584,":: Kaladhungi Road",NULL,NULL
http://www.haldwani.co.in/haldwani-directory.php?cat=Hardware+%26+Panit+Shop,"Om Marbles",223229,":: Kusumkhera",NULL,NULL
http://www.haldwani.co.in/haldwani-directory.php?cat=Hardware+%26+Panit+Shop,"Parvatiya Agency",225580,":: Kaladhungi Road",NULL,NULL
http://www.haldwani.co.in/haldwani-directory.php?cat=Hardware+%26+Panit+Shop,"Parvatiya Steel Point",260953,":: Kaladhungi Road",NULL,NULL
http://www.haldwani.co.in/haldwani-directory.php?cat=Hardware+%26+Panit+Shop,"R. K. H/W & Paints",260280,":: Kusumkhera",NULL,NULL
http://www.haldwani.co.in/haldwani-directory.php?cat=Hardware+%26+Panit+Shop,"R. K. Paints",226590,":: Kaladhungi Road",NULL,NULL
http://www.haldwani.co.in/haldwani-directory.php?cat=Hardware+%26+Panit+Shop,"Rajasgthan Marbles",260073,":: Kusum Khera",NULL,NULL
http://www.haldwani.co.in/haldwani-directory.php?cat=Hardware+%26+Panit+Shop,"Ravi & Sons",250064,":: Bartan Bazar",NULL,NULL
http://www.haldwani.co.in/haldwani-directory.php?cat=Hardware+%26+Panit+Shop,"Rawat Paints",250064,":: Tikonia",NULL,NULL
http://www.haldwani.co.in/haldwani-directory.php?cat=Hardware+%26+Panit+Shop,"Shiv Raj Sons",251020,":: Bartan Bazar",NULL,NULL
http://www.haldwani.co.in/haldwani-directory.php?cat=Hardware+%26+Panit+Shop,"Srihari Builders Associates",263038,":: Kusum Khera",NULL,NULL
http://www.haldwani.co.in/haldwani-directory.php?cat=Hardware+%26+Panit+Shop,"Taini Mal Bhopat Ram Mills",250062,":: Mahaveer Ganj",NULL,NULL
http://www.haldwani.co.in/haldwani-directory.php?cat=Hardware+%26+Panit+Shop,"Kant Paints & H/W",252008,":: Mangal Parow",NULL,NULL
http://www.haldwani.co.in/haldwani-directory.php?cat=Hardware+%26+Panit+Shop,"Brindawan Builders",245400,":: Bareilly Road",NULL,NULL
http://www.haldwani.co.in/haldwani-directory.php?cat=Hardware+%26+Panit+Shop,"Ganeh Paints & H/W",228458,":: Nainital Road",NULL,NULL
http://www.haldwani.co.in/haldwani-directory.php?cat=Hardware+%26+Panit+Shop,"Belaji Paint Store",NULL,":: Rampur Road",NULL,NULL
http://www.haldwani.co.in/haldwani-directory.php?cat=Hardware+%26+Panit+Shop,"New Mahakali Store",260755,":: Kusumkhera",NULL,NULL
http://www.haldwani.co.in/haldwani-directory.php?cat=Jewelers,"Abuan Jewellers",251091,":: Meera Marg",NULL,NULL
http://www.haldwani.co.in/haldwani-directory.php?cat=Jewelers,"Agarwal Jewellers",NULL,":: Patel Chowk",NULL,NULL
http://www.haldwani.co.in/haldwani-directory.php?cat=Jewelers,"Anuj Jewellers",NULL,":: Patel Chowk",NULL,NULL
http://www.haldwani.co.in/haldwani-directory.php?cat=Jewelers,"Arun Jewellers",NULL,":: Bartan Bazar",NULL,NULL
http://www.haldwani.co.in/haldwani-directory.php?cat=Jewelers,"Ambe Jewellers",NULL,":: Baratan Bazar",NULL,NULL
http://www.haldwani.co.in/haldwani-directory.php?cat=Jewelers,"Barahi Aabhusan",NULL,":: Bartan Bazar",NULL,NULL
http://www.haldwani.co.in/haldwani-directory.php?cat=Jewelers,"Basant Jewellers",224719,":: Kaladhungi Road",NULL,NULL
http://www.haldwani.co.in/haldwani-directory.php?cat=Jewelers,"Bharadwaj Jewellers",NULL,":: Chawdhary Ramveer Complex",NULL,NULL
http://www.haldwani.co.in/haldwani-directory.php?cat=Jewelers,"Bharat Jeweller",250903,":: Bartan Bazar",NULL,NULL
http://www.haldwani.co.in/haldwani-directory.php?cat=Jewelers,"Bhola Jewellers",251041,":: Patel Chowk",NULL,NULL
http://www.haldwani.co.in/haldwani-directory.php?cat=Jewelers,"Chaman Jewellers",251022,":: Patel Chowk",NULL,NULL
http://www.haldwani.co.in/haldwani-directory.php?cat=Jewelers,"Chandrioka Jewellers",251845,":: Patel Chowk",NULL,NULL
http://www.haldwani.co.in/haldwani-directory.php?cat=Jewelers,"Darshan Jewellers",250028,":: Bartan Bazar",NULL,NULL
http://www.haldwani.co.in/haldwani-directory.php?cat=Jewelers,"Deep Jewelle rs",NULL,":: Shahukara Line",NULL,NULL
http://www.haldwani.co.in/haldwani-directory.php?cat=Jewelers,"Dinesh Sons",NULL,":: Bartan Bazar",NULL,NULL
http://www.haldwani.co.in/haldwani-directory.php?cat=Jewelers,"Divyamadi Jewllers",253341,":: Sahukara Line",NULL,NULL
http://www.haldwani.co.in/haldwani-directory.php?cat=Jewelers,"Ever Green Jewellers",250255,":: Sahukara Line",NULL,NULL
http://www.haldwani.co.in/haldwani-directory.php?cat=Jewelers,"Gaurav Jewellers",NULL,":: Patel Chowk",NULL,NULL
http://www.haldwani.co.in/haldwani-directory.php?cat=Jewelers,"Gauri Jewellers",251490,":: Patel Chowk",NULL,NULL
http://www.haldwani.co.in/haldwani-directory.php?cat=Jewelers,"Golden Jewellers",251237,":: Patel Chowk",NULL,NULL
http://www.haldwani.co.in/haldwani-directory.php?cat=Jewelers,"Gopal Jewellers",NULL,":: Sahukara Line",NULL,NULL
http://www.haldwani.co.in/haldwani-directory.php?cat=Jewelers,"Gopal Swaran",NULL,":: Aabhusan Rampur Road",NULL,NULL
http://www.haldwani.co.in/haldwani-directory.php?cat=Jewelers,"Gyan Shree Jewellers",250483,":: Bartan Bazar",NULL,NULL
http://www.haldwani.co.in/haldwani-directory.php?cat=Jewelers,"Haldwani Jewellers",251451,":: Bartan Bazar",NULL,NULL
http://www.haldwani.co.in/haldwani-directory.php?cat=Jewelers,"Hari Hant Jewellers",250537,":: Patel Chowk",NULL,NULL
http://www.haldwani.co.in/haldwani-directory.php?cat=Jewelers,"Hari Kripa Jewellers",NULL,":: Kaladhungi Road",NULL,NULL
http://www.haldwani.co.in/haldwani-directory.php?cat=Jewelers,"Himalyan Jewellers",250462,":: Bartan Bazar",NULL,NULL
http://www.haldwani.co.in/haldwani-directory.php?cat=Jewelers,"Himanshu Jeweller",NULL,":: kushumkhera",NULL,NULL
http://www.haldwani.co.in/haldwani-directory.php?cat=Jewelers,"J. C. Jewellers",250067,":: Patel Chowk",NULL,NULL
http://www.haldwani.co.in/haldwani-directory.php?cat=Jewelers,"Jagdish Lal Verma",251431,":: Patel Chowk",NULL,NULL
http://www.haldwani.co.in/haldwani-directory.php?cat=Jewelers,"Jai Gopal Ajay Kumar",251289,":: Bartan Bazar",NULL,NULL
http://www.haldwani.co.in/haldwani-directory.php?cat=Jewelers,"Jai Gopal Naresh Kumar",250962,":: Patel Chowk",NULL,NULL
http://www.haldwani.co.in/haldwani-directory.php?cat=Jewelers,"Jai Sai Jewellers",255883,":: Patel Chowk",NULL,NULL
http://www.haldwani.co.in/haldwani-directory.php?cat=Jewelers,"Jai Shubh Jewellers",251018,":: Patel Chowk",NULL,NULL
http://www.haldwani.co.in/haldwani-directory.php?cat=Jewelers,"ain Jewellers",251094,":: Patel Chowk",NULL,NULL
http://www.haldwani.co.in/haldwani-directory.php?cat=Jewelers,"Jawer Collection",251045,":: Kaladhungi Road",NULL,NULL
http://www.haldwani.co.in/haldwani-directory.php?cat=Jewelers,"Jeevanlal Verma",250433,":: Bartan Bazar",NULL,NULL
http://www.haldwani.co.in/haldwani-directory.php?cat=Jewelers,"Jogender Jewellers",250990,":: Patel Chowk",NULL,NULL
http://www.haldwani.co.in/haldwani-directory.php?cat=Jewelers,"Kailash Verma",254272,":: Katyar Complex",NULL,NULL
http://www.haldwani.co.in/haldwani-directory.php?cat=Jewelers,"Kakkar Jewellers",NULL,":: Chowk Bazar",NULL,NULL
http://www.haldwani.co.in/haldwani-directory.php?cat=Jewelers,"New Kanchan Jeweller",9412966518,":: Pilikothi",NULL,NULL
http://www.haldwani.co.in/haldwani-directory.php?cat=Jewelers,"Kanchan Jewellers",250463,":: Bartan Bazar",NULL,NULL
http://www.haldwani.co.in/haldwani-directory.php?cat=Jewelers,"Kishor Jewellers",250609,":: Bartan Bazar",NULL,NULL
http://www.haldwani.co.in/haldwani-directory.php?cat=Jewelers,"Kuber Jewllers",283565,":: Kaladhungi Road",NULL,NULL
http://www.haldwani.co.in/haldwani-directory.php?cat=Jewelers,"Kumar Jewellers",251923,":: Patel Chowk",NULL,NULL
http://www.haldwani.co.in/haldwani-directory.php?cat=Jewelers,"Laxmi Jeweller",NULL,":: Kaladhungi Road",NULL,NULL
http://www.haldwani.co.in/haldwani-directory.php?cat=Jewelers,"Mahalaxmi Jewellers",NULL,":: Patel Chowk",NULL,NULL
http://www.haldwani.co.in/haldwani-directory.php?cat=Jewelers,"Maharaja Jewellers",313273,":: Patel Chowk",NULL,NULL
http://www.haldwani.co.in/haldwani-directory.php?cat=Jewelers,"Mansi Jewellers",255373,":: Patel Chowk",NULL,NULL
http://www.haldwani.co.in/haldwani-directory.php?cat=Jewelers,"Modern Sons",220495,":: Nainital Road",NULL,NULL
http://www.haldwani.co.in/haldwani-directory.php?cat=Jewelers,"Nagpal Jewellers",250929,":: Patel Chowk",NULL,NULL
http://www.haldwani.co.in/haldwani-directory.php?cat=Jewelers,"Naveen Jewellers",250640,":: Bartan Bazar",NULL,NULL
http://www.haldwani.co.in/haldwani-directory.php?cat=Jewelers,"Negi Sons",251826,":: Kamala Market",NULL,NULL
http://www.haldwani.co.in/haldwani-directory.php?cat=Jewelers,"Om Jewellers",NULL,":: Patel Chowk",NULL,NULL
http://www.haldwani.co.in/haldwani-directory.php?cat=Jewelers,"Omkar Jeweller",250397,":: Sharda Market",NULL,NULL
http://www.haldwani.co.in/haldwani-directory.php?cat=Jewelers,"Parvitiya Abhusan",251395,":: Bartan Bazar",NULL,NULL
http://www.haldwani.co.in/haldwani-directory.php?cat=Jewelers,"Parvitiya Jewellers",254230,":: Katyar Complex",NULL,NULL
http://www.haldwani.co.in/haldwani-directory.php?cat=Jewelers,"Piyush jewellers",251043,":: Patel Chowk",NULL,NULL
http://www.haldwani.co.in/haldwani-directory.php?cat=Jewelers,"Poonam Jewellers",254098,":: Patel Chowk",NULL,NULL
http://www.haldwani.co.in/haldwani-directory.php?cat=Jewelers,"Rachna Abhusan",251455,":: Patel Chowk",NULL,NULL
http://www.haldwani.co.in/haldwani-directory.php?cat=Jewelers,"Radhika Sons",253307,":: Sadar Bazar",NULL,NULL
http://www.haldwani.co.in/haldwani-directory.php?cat=Jewelers,"Rajendra Kumar Verma",NULL,":: Bartan Bazar",NULL,NULL
http://www.haldwani.co.in/haldwani-directory.php?cat=Jewelers,"Ram Jewellers",253689,":: Bartan Bazar",NULL,NULL
http://www.haldwani.co.in/haldwani-directory.php?cat=Jewelers,"Rana Sons",251390,":: Chowk Bazar",NULL,NULL
http://www.haldwani.co.in/haldwani-directory.php?cat=Jewelers,"Rashi Jewellers",250852,":: Bartan Bazar",NULL,NULL
http://www.haldwani.co.in/haldwani-directory.php?cat=Jewelers,"Rastogi Sons",252862,":: Bareilly Road",NULL,NULL
http://www.haldwani.co.in/haldwani-directory.php?cat=Jewelers,"Roshni Jewellers",251021,":: Patel Chowk",NULL,NULL
http://www.haldwani.co.in/haldwani-directory.php?cat=Jewelers,"Sajjan Jewellers",251548,":: Patel Chowk",NULL,NULL
http://www.haldwani.co.in/haldwani-directory.php?cat=Jewelers,"Sameer Verma",NULL,":: Bartan Bazar",NULL,NULL
http://www.haldwani.co.in/haldwani-directory.php?cat=Jewelers,"Saroyam Jewellers",250874,":: Patel Chowk",NULL,NULL
http://www.haldwani.co.in/haldwani-directory.php?cat=Jewelers,"Shanti Jewellers",250987,":: Bartan Bazar",NULL,NULL
http://www.haldwani.co.in/haldwani-directory.php?cat=Jewelers,"Shiv Jewellers",251363,":: Bartan Bazar",NULL,NULL
http://www.haldwani.co.in/haldwani-directory.php?cat=Jewelers,"Shivam Jewellers",NULL,":: Singh Complex",NULL,NULL
http://www.haldwani.co.in/haldwani-directory.php?cat=Jewelers,"Shree Ganesh",NULL,":: Katyar Complex",NULL,NULL
http://www.haldwani.co.in/haldwani-directory.php?cat=Jewelers,"Shree Ganpati Jewellers",255758,":: Chaudhree Ramveer",NULL,NULL
http://www.haldwani.co.in/haldwani-directory.php?cat=Jewelers,"Shree Gopal Jewellers",251040,":: Patel Chowk",NULL,NULL
http://www.haldwani.co.in/haldwani-directory.php?cat=Jewelers,"Shree Nath Jewellers",262824,":: Katyar Complex",NULL,NULL
http://www.haldwani.co.in/haldwani-directory.php?cat=Jewelers,"Shree Sai Aabhusan",254082,":: Patel Chowk",NULL,NULL
http://www.haldwani.co.in/haldwani-directory.php?cat=Jewelers,"Shree Shyam Jewellers",262824,":: Patel Chowk",NULL,NULL
http://www.haldwani.co.in/haldwani-directory.php?cat=Jewelers,"Shree Ved Prakash",255865,":: Patel Chowk",NULL,NULL
http://www.haldwani.co.in/haldwani-directory.php?cat=Jewelers,"Shree Balaji Jewellers",NULL,":: Bartan Bazar",NULL,NULL
http://www.haldwani.co.in/haldwani-directory.php?cat=Jewelers,"Shree Om Jewellers",NULL,":: Katyar Complux",NULL,NULL
http://www.haldwani.co.in/haldwani-directory.php?cat=Jewelers,"Shree Guru Jeweller",250269,":: Kaladhungi Road",NULL,NULL
http://www.haldwani.co.in/haldwani-directory.php?cat=Jewelers,"Shree Maghshyam",255990,":: Jeweller Sharda Market",NULL,NULL
http://www.haldwani.co.in/haldwani-directory.php?cat=Jewelers,"Sidharth Jeweller",253078,":: Kaladhungi Churaha",NULL,NULL
http://www.haldwani.co.in/haldwani-directory.php?cat=Jewelers,"Sona Chandi Jeweller",250155,":: Kaladhungi Churaha",NULL,NULL
http://www.haldwani.co.in/haldwani-directory.php?cat=Jewelers,"Sonam Jewellers",255397,":: Patel Chowk",NULL,NULL
http://www.haldwani.co.in/haldwani-directory.php?cat=Jewelers,"Sudheer Verma",253807,":: Chowk Bazar",NULL,NULL
http://www.haldwani.co.in/haldwani-directory.php?cat=Jewelers,"Sumit Jewellers",NULL,":: Chowk Bazar",NULL,NULL
http://www.haldwani.co.in/haldwani-directory.php?cat=Jewelers,"Suresh Jewellers",250491,":: Patel Chowk",NULL,NULL
http://www.haldwani.co.in/haldwani-directory.php?cat=Jewelers,"Tilak Jewellers",251093,":: Patel Chowk",NULL,NULL
http://www.haldwani.co.in/haldwani-directory.php?cat=Jewelers,"Uttaranchal Aabhusan",251979,":: Patel Chowk",NULL,NULL
http://www.haldwani.co.in/haldwani-directory.php?cat=Jewelers,"Verma Sons",250419,":: Bartan Bazar",NULL,NULL
http://www.haldwani.co.in/haldwani-directory.php?cat=Jewelers,"Jai Guru Jewellers",251435,":: Nainital Road",NULL,NULL
http://www.haldwani.co.in/haldwani-directory.php?cat=Jewelers,"Suinram Jewellery",NULL,":: Patel Chowk",NULL,NULL
http://www.haldwani.co.in/haldwani-directory.php?cat=Jewelers,"Mallika Aabhooshan",NULL,":: Kaladhungi Road",NULL,NULL
http://www.haldwani.co.in/haldwani-directory.php?cat=Photo+Studio,"Kandpal Photo Studio",NULL,":: Malli Kathgodam",NULL,NULL
http://www.haldwani.co.in/haldwani-directory.php?cat=Photo+Studio,"Hills Colour Lab & Digital Studio","254782, 9412034030,9897286864",":: Kaladhungi Road",NULL,NULL
http://www.haldwani.co.in/haldwani-directory.php?cat=Photo+Studio,"P.S.Colour Lab",252630,":: Hotel Nagpal Tower Bareilly Road",NULL,NULL
http://www.haldwani.co.in/haldwani-directory.php?cat=Photo+Studio,"Prakash Photo Studio",NULL,":: Rampur Road",NULL,NULL
http://www.haldwani.co.in/haldwani-directory.php?cat=Photo+Studio,"Ravindra Photo Studio",254698,":: Raman Market",NULL,NULL
http://www.haldwani.co.in/haldwani-directory.php?cat=Photo+Studio,"Sangam Photo Studio",NULL,":: Rampur Road",NULL,NULL
http://www.haldwani.co.in/haldwani-directory.php?cat=Photo+Studio,"Shivam Photo Studio",NULL,":: Rampur Road",NULL,NULL
http://www.haldwani.co.in/haldwani-directory.php?cat=Photo+Studio,"Smarti Photo Studio",255278,":: Kaladhungi Road",NULL,NULL
http://www.haldwani.co.in/haldwani-directory.php?cat=Photo+Studio,"Suresh Photo Studio",NULL,":: Kaladhungi Road",NULL,NULL
http://www.haldwani.co.in/haldwani-directory.php?cat=Photo+Studio,"Vimal Photo Studio",266312,":: Malli Kathgodam, Near Polic Chowki",NULL,NULL
http://www.haldwani.co.in/haldwani-directory.php?cat=Photo+Studio,"Aanchal Infoteach",254815,":: Mukhani Chowk",NULL,NULL
http://www.haldwani.co.in/haldwani-directory.php?cat=Photo+Studio,"Adikari Type Writer",NULL,NULL,NULL,NULL
http://www.haldwani.co.in/haldwani-directory.php?cat=Photo+Studio,"A Unique Digital Photo Studio","05946-238287, 9412040054, 9759717125",":: Fatehpur",NULL,NULL
http://www.haldwani.co.in/haldwani-directory.php?cat=Photo+Studio,"Himani Studio",NULL,":: Unchapul",NULL,NULL
http://www.haldwani.co.in/haldwani-directory.php?cat=Photo+Studio,"Harikripa Studio",NULL,":: Unchapul",NULL,NULL
http://www.haldwani.co.in/haldwani-directory.php?cat=Photo+Studio,"Shivam Studio","05946 234009, 9410174692",":: Rampur Road Deval Chaur Chauraha",rajbharkavita@yahoo.com,NULL
http://www.haldwani.co.in/haldwani-directory.php?cat=Photo+Studio,"Mahendra studio",NULL,":: Near panchakki, Rampur Road",NULL,NULL
http://www.haldwani.co.in/haldwani-directory.php?cat=Photo+Studio,"Sri Sai Digital Photo Universe",06056-283722,":: Kaladhungi Roard",NULL,NULL
http://www.haldwani.co.in/haldwani-directory.php?cat=Printing+Press,"Brite Computers Grafics & Printers",NULL,":: Kaladhungi Road",NULL,NULL
http://www.haldwani.co.in/haldwani-directory.php?cat=Printing+Press,"Bharat Printers",NULL,":: Kaladhungi Road 223876",NULL,NULL
http://www.haldwani.co.in/haldwani-directory.php?cat=Printing+Press,"Shri Jee Offset Press",252107,":: Bareilly Road",NULL,NULL
http://www.haldwani.co.in/haldwani-directory.php?cat=Printing+Press,"Shivam Printers",NULL,":: Kaladhungi Road",NULL,NULL
http://www.haldwani.co.in/haldwani-directory.php?cat=Printing+Press,"Shakti Press",NULL,":: Kaladhungi Road",NULL,NULL
http://www.haldwani.co.in/haldwani-directory.php?cat=Printing+Press,"Prateek Printers",252939,":: Bareilly Road",NULL,NULL
http://www.haldwani.co.in/haldwani-directory.php?cat=Printing+Press,"Mansi Printer Press",281482,":: Tikonia",NULL,NULL
http://www.haldwani.co.in/haldwani-directory.php?cat=Printing+Press,"Mamta Printers",NULL,":: kaladhungi Road",NULL,NULL
http://www.haldwani.co.in/haldwani-directory.php?cat=Printing+Press,"Haldwani Printers",NULL,":: Kushumkhera",NULL,NULL
http://www.haldwani.co.in/haldwani-directory.php?cat=Printing+Press,"Jagnath Printing Press",NULL,":: Kaladhungi Road",NULL,NULL
http://www.haldwani.co.in/haldwani-directory.php?cat=Printing+Press,"Cyber Printing",NULL,":: Press Kusumkhera",NULL,NULL
http://www.haldwani.co.in/haldwani-directory.php?cat=Printing+Press,"A Unique Printers","05946-238287, 9412040054, 9759717125",":: Fatehpur",Princemehra81@gmail.com,NULL
http://www.haldwani.co.in/haldwani-directory.php?cat=School+Dress+dealer,"Apne Bhaiyo ki Dukan",NULL,":: Naya Bazar",NULL,NULL
http://www.haldwani.co.in/haldwani-directory.php?cat=School+Dress+dealer,"Mitro Ki Dukan",NULL,":: Naya Bazar",NULL,NULL
http://www.haldwani.co.in/haldwani-directory.php?cat=School+Dress+dealer,Sumsons,NULL,":: Nainital Road",NULL,NULL
http://www.haldwani.co.in/haldwani-directory.php?cat=School+Dress+dealer,"Super Store",NULL,":: Sadar Bazar",NULL,NULL
http://www.haldwani.co.in/haldwani-directory.php?cat=Seeds+and+Fertilizers,"Apollo Seeds And Fertilizers",NULL,":: Kaladhungi Road",NULL,NULL
http://www.haldwani.co.in/haldwani-directory.php?cat=Seeds+and+Fertilizers,"Balaji Fertilizers",NULL,":: Mandi Gate",NULL,NULL
http://www.haldwani.co.in/haldwani-directory.php?cat=Seeds+and+Fertilizers,"Bharat Traders",NULL,":: Mandi Gate",NULL,NULL
http://www.haldwani.co.in/haldwani-directory.php?cat=Seeds+and+Fertilizers,"C. S. Seeds And Fertilizers",NULL,":: Bholanath Garden",NULL,NULL
http://www.haldwani.co.in/haldwani-directory.php?cat=Seeds+and+Fertilizers,"Chaudhari Ramlal Vishaw Nath",NULL,":: Mangal Parao",NULL,NULL
http://www.haldwani.co.in/haldwani-directory.php?cat=Seeds+and+Fertilizers,"Farmer Beej Bhandar",NULL,":: Mangal Parao",NULL,NULL
http://www.haldwani.co.in/haldwani-directory.php?cat=Seeds+and+Fertilizers,"Soniya Poshtic Ahar Kendra",NULL,":: Kusumkhera",NULL,NULL
http://www.haldwani.co.in/haldwani-directory.php?cat=Seeds+and+Fertilizers,"Krishi Kalyan Kendra",-,":: Kaladhungi Road",NULL,NULL
http://www.haldwani.co.in/haldwani-directory.php?cat=Steel+Furniture+,"Kapalishrami Steel Industries","05046-263282, 9412996639",":: Kaladhungi Road",NULL,NULL
http://www.haldwani.co.in/haldwani-directory.php?cat=Steel+Furniture+,"Navodit Steel & Wood Furniture",9837131474,":: Unchapul Haldwani",NULL,NULL
http://www.haldwani.co.in/haldwani-directory.php?cat=Work+Shop,"Balber Motors",220097,":: Tikonia Road",NULL,NULL
http://www.haldwani.co.in/haldwani-directory.php?cat=Work+Shop,"Baba Motors",227434,":: Shartry Kunj ntl Road",NULL,NULL
http://www.haldwani.co.in/haldwani-directory.php?cat=Work+Shop,"Auto Traders",228811,":: Arodurm Road",NULL,NULL
http://www.haldwani.co.in/haldwani-directory.php?cat=Work+Shop,"Anand Auto Spare",225693,":: Work Shop Line Tikonia",NULL,NULL
http://www.haldwani.co.in/haldwani-directory.php?cat=Work+Shop,"AmarJeet Singh",281189,":: Work Shop Line",NULL,NULL
http://www.haldwani.co.in/haldwani-directory.php?cat=Work+Shop,"Batra Auto",220169,":: Shastri Kunj Opp. S. D. M. Court",NULL,NULL
http://www.haldwani.co.in/haldwani-directory.php?cat=Work+Shop,"Bhawani Auto part",222932,":: KushumKhera",NULL,NULL
http://www.haldwani.co.in/haldwani-directory.php?cat=Work+Shop,"Deep Auto Mobile",NULL,":: Ntl. Road, Tikonia",NULL,NULL
http://www.haldwani.co.in/haldwani-directory.php?cat=Work+Shop,"Doli Motors",221206,NULL,NULL,NULL
http://www.haldwani.co.in/haldwani-directory.php?cat=Work+Shop,"Haldwani Auto",NULL,":: Aeorodrum Road",NULL,NULL
http://www.haldwani.co.in/haldwani-directory.php?cat=Work+Shop,"Haldwani Motors",283179,":: Aeodrum Road",NULL,NULL
http://www.haldwani.co.in/haldwani-directory.php?cat=Work+Shop,"Heeralal Motors",223697,":: Shastri Kunj, Nainital Road",NULL,NULL
http://www.haldwani.co.in/haldwani-directory.php?cat=Work+Shop,"Hem Kund Motors",225103,":: Tikonia, Nainital Road",NULL,NULL
http://www.haldwani.co.in/haldwani-directory.php?cat=Work+Shop,"Hind Motors",206604,":: Ntl. Road near Jal Sansthan Tikonia",NULL,NULL
http://www.haldwani.co.in/haldwani-directory.php?cat=Work+Shop,"Jeena Automobile",221586,":: Aerodrum Road Tikonia",NULL,NULL
http://www.haldwani.co.in/haldwani-directory.php?cat=Work+Shop,"Kavya Traders",227443,":: Saket Colony",NULL,NULL
http://www.haldwani.co.in/haldwani-directory.php?cat=Work+Shop,"khalsha Auto Mobile",NULL,":: Kushumkhera",NULL,NULL
http://www.haldwani.co.in/haldwani-directory.php?cat=Work+Shop,"Latal Auto mobile",229049,":: Nanital Road",NULL,NULL
http://www.haldwani.co.in/haldwani-directory.php?cat=Work+Shop,"laxmi Auto mobile",NULL,":: Nainital Road",NULL,NULL
http://www.haldwani.co.in/haldwani-directory.php?cat=Work+Shop,"Maadev Auto Mobile",226574,NULL,NULL,NULL
http://www.haldwani.co.in/haldwani-directory.php?cat=Work+Shop,"Pali Motors",227662,":: Aeorodurm Road",NULL,NULL
http://www.haldwani.co.in/haldwani-directory.php?cat=Work+Shop,"Pindari Motors",221586,NULL,NULL,NULL
http://www.haldwani.co.in/haldwani-directory.php?cat=Work+Shop,"Populor Auto Mobile",220601,":: Aeorodurm Road",NULL,NULL
http://www.haldwani.co.in/haldwani-directory.php?cat=Work+Shop,"Raja Auto Mobiles",NULL,":: Aeorodurm Road",NULL,NULL
http://www.haldwani.co.in/haldwani-directory.php?cat=Work+Shop,"Rathore Automobile",222182,":: Kusumkhera",NULL,NULL
http://www.haldwani.co.in/haldwani-directory.php?cat=Work+Shop,"Rawat Auto Mobile",222451,":: Nainital Road Near P. W. D",NULL,NULL
http://www.haldwani.co.in/haldwani-directory.php?cat=Work+Shop,"Rawat Motor Works",222558,":: Kenal Road, Tikonia",NULL,NULL
http://www.haldwani.co.in/haldwani-directory.php?cat=Work+Shop,"Sahni Auto Spare",220974,":: Guru Nanak Market, Ntl. Road,",NULL,NULL
http://www.haldwani.co.in/haldwani-directory.php?cat=Work+Shop,"Sanjay Auto Mobile",225142,":: Subhash Nagar",NULL,NULL
http://www.haldwani.co.in/haldwani-directory.php?cat=Work+Shop,"Satpal Motors",224695,":: Shastri Kunj",NULL,NULL
http://www.haldwani.co.in/haldwani-directory.php?cat=Work+Shop,"Shree Ram Auto Mobile",NULL,":: Kushum Khera",NULL,NULL
http://www.haldwani.co.in/haldwani-directory.php?cat=Work+Shop,"Shubham Enterprises",223336,":: Aeodrum Road",NULL,NULL
http://www.haldwani.co.in/haldwani-directory.php?cat=Work+Shop,"Unique Auto Spare",220852,NULL,NULL,NULL
http://www.haldwani.co.in/haldwani-directory.php?cat=Work+Shop,"Uttranchal Motors",NULL,NULL,NULL,NULL
